0.081801,841,910,51,248,544,499,187,832,931,659,770,39,517,834,603
0.16783,201,588,320,386,164,288,268,601,840,111,582,55,659,757,605
0.38479,135,874,866,233,966,815,761,967,999,73,700,816,498,885,359
0.043548,605,415,928,759,84,398,330,935,915,195,621,132,245,896,134
0.054786,885,880,717,116,493,657,226,266,136,65,216,768,488,604,646
0.034346,821,515,757,940,465,776,134,401,365,814,79,735,164,874,815
0.084311,809,433,250,894,502,991,143,276,848,658,267,944,993,570,276
0.11066,852,625,854,427,495,682,812,354,211,356,131,500,572,812,695
0.065705,659,631,683,997,509,84,381,233,318,269,925,406,723,332,752
0.1271,471,523,658,478,543,449,160,521,640,405,225,305,452,171,939
0.046806,560,313,419,775,81,485,368,940,828,534,206,705,98,187,72
0.26389,489,928,381,865,656,191,135,471,990,605,681,894,457,469,417
0.02662,762,861,11,960,877,826,758,35,17,476,384,867,117,335,634
0.020088,883,244,115,308,423,181,596,310,755,928,541,136,302,52,796
0.038186,904,842,681,90,25,440,946,128,174,728,361,437,670,869,102
0.10115,779,580,124,909,710,749,959,939,357,882,593,171,463,318,79
0.016468,948,749,529,864,153,404,922,919,684,176,144,114,84,700,944
0.52167,647,995,324,727,289,868,806,250,880,39,332,883,637,329,751
0.016757,914,899,776,128,590,491,133,768,982,820,433,467,342,272,703
0.013832,955,659,905,210,607,790,489,905,623,539,476,578,417,217,265
0.24247,644,700,463,432,510,184,602,988,948,27,427,878,805,70,889
0.05403,754,327,383,772,403,874,216,378,480,676,809,261,744,99,602
0.023806,929,305,486,552,436,819,202,557,415,748,634,991,196,990,990
0.046608,618,323,970,813,11,537,444,368,601,541,713,969,675,873,201
0.051692,803,430,748,257,855,247,191,59,942,303,319,27,50,550,596
0.034191,812,650,466,414,254,529,142,828,879,479,844,44,593,715,745
0.13488,206,403,305,444,844,916,658,30,58,302,863,439,44,102,448
0.027426,926,779,210,954,310,38,69,644,362,678,279,94,846,389,506
0.068608,337,169,862,24,658,431,583,303,526,885,359,504,756,426,198
0.4621,533,992,752,598,916,971,146,22,554,367,723,824,329,382,658
0.056316,859,978,208,279,807,451,428,391,339,651,942,240,188,235,109
0.065067,434,201,802,258,130,78,948,175,421,391,308,600,663,905,851
0.036667,736,735,870,583,779,818,400,158,535,597,536,849,544,946,842
0.088665,295,434,661,892,584,192,437,106,447,686,946,712,226,165,14
0.076657,286,247,325,784,314,25,378,127,820,7,714,617,778,10,899
0.029869,880,923,426,610,988,703,768,223,898,887,480,368,917,719,376
0.36113,280,926,629,89,339,361,393,51,637,957,609,95,883,777,132
0.22642,1,76,155,106,41,200,182,922,468,431,535,681,464,4,32
0.31329,406,182,617,808,215,932,668,590,943,770,819,206,1,587,887
0.12408,413,467,408,37,556,287,504,185,481,369,506,174,741,603,991
0.068687,609,294,218,958,221,640,893,546,200,599,850,539,822,237,23
0.23957,187,792,849,785,344,302,606,33,782,612,245,909,5,489,111
0.069631,538,507,319,188,814,165,53,719,496,636,56,103,381,55,294
0.077948,670,870,76,407,48,347,436,708,790,881,732,259,207,838,492
0.51477,139,375,145,307,919,990,788,992,62,531,811,524,370,613,257
0.11714,331,643,378,870,121,219,645,386,380,841,24,582,148,390,388
0.049995,734,253,834,969,695,442,765,225,632,579,595,77,831,766,1
0.27788,105,575,813,27,667,504,404,73,892,919,501,270,581,302,821
0.071574,380,288,424,41,976,598,42,6,109,663,610,757,804,401,277
0.10579,128,56,353,873,504,203,114,280,583,279,283,205,956,541,298
0.033178,828,404,263,957,209,871,852,731,279,192,703,974,109,616,680
0.032509,870,845,308,636,107,541,265,761,482,173,852,653,920,638,18
0.059763,657,606,430,51,222,928,199,170,153,83,924,302,552,355,146
0.14543,443,855,49,815,378,702,731,458,760,536,716,772,331,461,528
0.11666,595,823,300,547,208,384,451,549,954,844,638,926,991,245,822
0.10055,122,132,599,866,819,722,80,453,28,803,538,163,984,180,585
0.15473,82,226,302,20,298,122,798,894,830,11,129,720,851,462,244
0.24024,36,238,24,858,176,186,633,258,164,893,623,700,937,933,725
0.19279,778,676,93,939,89,975,918,387,219,780,454,399,332,564,2
0.19376,189,386,609,658,758,461,970,72,757,742,91,489,227,192,387
0.11074,216,37,865,318,943,330,241,357,939,438,203,277,340,73,962
0.04792,696,315,961,459,496,670,601,435,505,332,901,877,704,423,684
0.020363,920,865,580,238,643,275,705,206,435,934,430,463,344,704,259
0.42063,238,622,323,415,724,757,897,716,450,364,860,569,762,769,917
0.04332,775,592,175,875,911,943,650,653,272,17,888,431,160,376,173
0.098819,161,335,512,599,129,58,26,679,269,826,636,970,183,292,495
0.14827,87,62,631,95,259,17,263,980,997,228,125,446,998,567,245
0.11699,461,390,316,536,184,783,457,498,409,979,631,115,65,711,237
0.19439,177,232,872,580,522,791,516,678,904,695,797,388,636,609,761
0.074715,620,620,242,889,103,600,497,74,455,917,878,355,504,454,86
0.2995,103,532,555,460,270,547,588,503,55,115,941,170,408,422,652
0.048709,714,843,35,388,291,401,115,789,115,883,607,745,304,706,368
0.34271,558,839,876,166,394,123,839,821,376,249,701,726,632,428,184
0.084092,244,170,980,656,55,876,189,529,870,698,992,507,455,392,533
0.063369,339,358,20,532,802,677,234,788,148,244,553,325,49,361,426
0.067,516,447,625,477,142,999,23,350,261,731,243,743,630,152,541
0.09458,321,285,960,661,582,409,792,712,206,702,487,475,839,639,264
0.071222,582,126,245,213,525,55,251,113,648,79,739,362,681,912,683
0.2037,522,955,151,471,413,765,873,220,74,643,934,902,861,226,732
0.083763,612,685,184,147,979,333,604,410,97,98,984,189,528,445,580
0.10761,305,416,133,362,946,387,149,799,325,434,357,217,496,326,946
0.03398,799,710,36,797,585,667,78,243,998,876,500,520,722,947,952
0.10396,424,611,128,335,728,684,915,643,988,169,47,766,313,636,180
0.13372,289,254,879,121,79,72,945,424,462,904,44,665,540,132,310
0.077131,596,799,508,540,126,143,881,508,8,884,23,218,448,590,918
0.27711,245,702,240,663,252,572,262,333,873,199,346,613,594,607,598
0.25441,453,917,318,271,609,1,167,100,502,85,893,376,253,728,797
0.10103,80,11,101,365,796,417,536,139,695,644,352,707,418,473,309
0.022581,763,138,52,169,921,602,397,916,872,641,303,534,973,540,758
0.17191,110,541,139,487,306,37,264,211,592,5,719,21,621,170,302
0.057546,744,595,818,469,530,643,375,244,196,393,907,335,943,713,293
0.045504,650,340,406,268,23,700,916,863,825,603,853,857,499,42,788
0.040477,816,827,965,52,269,808,906,304,111,37,390,761,478,263,484
0.52772,2,398,286,181,485,199,657,699,968,51,344,698,801,387,849
0.33671,78,559,61,119,193,531,217,396,103,380,752,468,779,614,561
0.055259,911,741,511,58,70,799,940,16,673,705,372,935,848,94,418
0.19643,123,612,933,345,535,843,914,343,705,580,576,796,409,780,742
0.0676,733,533,481,385,428,420,321,705,979,4,114,444,832,7,708
0.31687,6,368,490,801,771,487,248,567,155,353,807,967,936,765,231
0.12943,33,13,494,887,980,645,125,452,955,77,268,769,212,111,129
0.056662,449,388,81,929,889,252,979,666,85,121,262,792,301,798,474
0.091502,106,82,174,199,879,666,12,89,370,284,293,694,606,859,107
0.050254,727,863,54,828,375,232,59,882,316,727,913,202,986,505,844
0.14443,35,48,373,465,987,982,40,377,225,411,915,988,823,920,655
0.12302,351,544,956,984,59,338,382,434,44,931,194,987,730,675,175
0.077543,513,473,417,717,834,727,448,254,945,432,630,839,51,37,144
0.09516,359,402,533,501,569,353,530,156,780,967,204,786,840,549,317
0.10968,264,214,164,605,573,328,898,583,893,913,168,106,705,167,157
0.067254,502,551,513,847,457,383,272,49,938,726,117,822,926,759,141
0.033805,599,207,714,253,523,115,455,514,778,756,511,210,819,174,647
0.031473,910,906,231,549,903,768,320,479,876,410,51,372,703,299,988
0.13361,855,452,330,192,696,240,87,475,835,515,565,154,721,763,965
0.07015,568,671,851,632,599,542,332,86,523,137,199,594,16,652,671
0.061591,394,212,166,86,511,18,463,516,807,361,307,186,712,517,55
0.28797,328,838,701,763,847,279,383,426,663,938,260,696,510,23,128
0.10853,429,652,668,154,896,612,842,341,33,319,67,690,133,87,653
0.051538,774,615,672,822,284,285,8,402,888,282,660,938,364,313,116
0.04573,615,624,550,400,617,569,173,932,77,972,699,123,755,689,97
0.050441,562,86,562,995,546,861,746,710,112,886,651,459,518,38,678
0.36563,446,996,457,110,680,290,838,169,854,794,404,502,3,584,450
0.034645,895,846,976,495,405,942,9,457,803,108,649,8,864,51,185
0.10042,263,627,969,518,5,554,520,908,485,583,148,922,389,839,430
0.03753,726,411,329,853,839,903,962,647,894,346,675,953,462,710,766
0.26484,34,527,415,80,611,460,648,610,758,43,661,348,611,633,823
0.33397,4,129,892,149,202,911,322,760,789,158,408,284,433,684,992
0.07503,367,165,753,226,203,953,230,213,889,474,705,810,728,271,161
0.031337,752,103,913,280,404,379,129,793,728,607,921,923,693,962,217
0.16572,884,980,575,313,750,793,29,487,263,585,570,436,654,278,372
0.03772,713,352,579,796,459,174,235,726,992,839,133,378,556,876,983
0.096227,124,25,686,568,533,927,163,173,882,806,744,382,426,800,814
0.13836,93,203,881,756,574,553,221,321,227,32,70,529,798,940,295
0.042615,587,45,366,617,430,892,338,193,976,920,526,165,221,11,410
0.052142,624,215,282,440,30,770,481,488,101,704,743,957,106,615,316
0.040552,671,682,69,435,731,446,219,536,935,988,881,848,159,386,825
0.058856,505,153,758,936,175,260,771,327,735,562,829,885,152,696,303
0.028009,761,493,889,736,743,168,334,909,324,846,20,887,73,48,468
0.062161,789,248,393,277,513,930,175,32,203,990,892,736,352,843,186
0.2986,338,301,121,686,260,112,518,290,319,608,171,84,185,358,78
0.11955,658,772,498,804,866,850,563,494,283,138,72,763,246,557,324
0.091595,628,905,692,855,494,528,224,893,869,915,338,933,959,871,28
0.26547,115,73,842,812,265,950,575,240,743,430,101,139,181,959,431
0.07375,197,400,48,462,851,249,739,324,802,758,648,778,854,844,241
0.014463,807,217,936,270,301,412,793,667,472,92,132,729,97,316,188
0.057356,603,291,471,423,185,144,589,984,411,818,518,323,554,806,290
0.025259,689,293,696,482,902,607,443,500,440,795,197,749,992,432,613
0.056272,835,789,734,161,352,565,869,682,559,45,244,540,412,857,74
0.060695,316,21,926,55,160,40,420,721,327,817,676,150,449,792,719
0.017564,873,219,185,200,926,954,676,733,146,567,625,167,686,161,121
0.050636,539,95,942,608,313,689,348,319,489,739,883,780,780,377,908
0.009333,978,794,452,264,644,170,627,968,220,177,666,180,628,917,735
0.033823,950,638,837,968,18,180,815,238,437,464,163,69,471,136,178
0.11161,372,111,41,917,141,470,994,796,414,707,601,955,453,970,386
0.024234,945,969,488,118,922,628,32,53,209,489,465,924,405,528,876
0.35515,751,998,405,891,42,28,88,638,590,504,680,79,315,980,274
0.1449,409,216,379,367,360,910,82,600,552,114,706,257,665,363,539
0.061395,350,92,634,505,341,875,159,190,744,925,944,329,601,338,807
0.19438,11,44,50,893,369,514,506,379,320,245,690,366,809,819,867
0.058393,901,971,715,135,368,378,365,784,901,416,688,523,689,360,718
0.031944,814,543,190,595,977,54,724,525,740,576,58,572,37,663,750
0.46537,53,150,438,705,749,884,432,995,336,952,953,562,623,402,781
0.36425,314,858,258,739,71,117,902,775,326,602,976,697,824,599,862
0.10937,462,745,673,809,462,592,512,509,627,60,107,29,147,301,948
0.10824,315,190,372,731,942,731,747,917,88,44,754,774,887,331,749
0.14077,565,309,638,429,424,849,20,227,681,537,813,858,987,247,252
0.078538,579,213,345,970,861,924,74,1,359,755,265,789,603,791,362
0.14295,91,353,764,422,867,798,21,981,548,417,322,945,618,379,263
0.052752,570,195,770,910,248,750,360,198,874,382,61,247,19,279,710
0.062215,354,466,99,42,109,212,172,286,386,652,641,286,142,412,48
0.060886,514,681,110,247,566,33,271,8,204,778,509,253,667,53,212
0.038256,634,272,827,21,756,306,399,580,984,413,862,403,866,563,286
0.32942,325,321,509,203,813,758,119,970,152,690,274,748,419,62,236
0.15196,588,105,322,275,713,893,783,914,675,354,622,135,766,647,203
0.062511,480,777,526,624,912,422,319,634,36,25,962,880,208,523,80
0.095316,486,736,92,834,539,929,954,413,799,647,241,482,793,957,859
0.15119,227,914,28,309,823,464,278,737,956,879,996,521,368,861,261
0.18796,71,208,581,59,809,35,213,807,423,621,658,190,695,508,10
0.13998,247,666,702,370,249,964,157,162,664,452,49,107,997,395,101
0.062513,474,184,873,670,774,319,171,431,311,858,711,4,156,181,397
0.24437,16,5,361,79,940,24,510,491,885,386,297,301,459,199,210
0.042353,795,920,448,719,373,787,513,798,739,368,825,420,454,108,307
0.049418,427,647,983,944,804,336,38,649,350,725,520,144,422,698,432
0.1011,707,703,593,877,156,525,805,876,868,852,872,127,567,322,440
0.12334,254,726,59,964,675,710,327,748,162,233,879,102,892,913,25
0.22079,184,297,671,555,179,941,72,272,342,344,208,610,383,137,588
0.043766,747,691,18,516,872,483,279,592,697,963,504,232,792,276,489
0.0099097,992,883,875,334,636,125,630,956,382,993,29,129,122,317,668
0.14559,310,577,246,286,4,129,826,58,862,220,387,825,788,502,15
0.03059,782,113,171,463,630,674,715,393,556,833,95,213,401,786,812
0.087431,847,935,189,69,370,820,712,392,516,101,672,236,96,58,6
0.021085,944,636,675,447,319,630,655,920,851,716,196,947,625,248,150
0.23286,179,183,496,596,461,178,469,740,383,197,772,827,345,889,169
0.0050739,997,341,423,68,864,469,778,770,715,286,179,490,281,881,149
0.1646,784,593,414,774,486,656,745,349,330,408,36,401,184,56,942
0.053999,537,485,506,67,827,651,995,741,273,40,499,843,309,434,950
0.019996,968,449,751,696,171,704,531,595,613,947,594,682,640,88,746
0.063635,850,824,700,840,561,665,164,725,11,503,17,706,825,749,124
0.49517,262,431,863,359,901,30,81,285,378,460,510,541,278,509,377
0.035163,868,549,387,635,427,685,772,497,426,196,235,73,264,35,64
0.11025,958,993,731,945,173,368,544,70,644,327,818,557,545,456,288
0.22414,10,80,925,3,478,851,937,979,37,237,643,624,954,493,49
0.057049,661,561,768,857,451,947,957,929,215,308,347,466,121,74,90
0.11127,222,587,152,545,631,734,438,825,855,52,599,96,119,336,886
0.15576,721,440,712,113,350,993,491,806,838,646,469,452,79,414,147
0.069889,431,193,83,525,778,216,929,608,150,436,927,254,563,879,816
0.31327,221,563,894,103,529,414,107,560,920,766,867,668,299,260,793
0.1364,613,976,10,987,177,259,282,274,633,746,686,375,172,146,691
0.14281,193,6,830,508,821,443,232,370,933,832,46,265,813,372,246
0.12052,294,246,233,49,472,511,198,620,328,134,34,346,112,297,582
0.6404,441,784,962,13,555,763,811,707,947,122,205,891,982,547,767
0.036103,938,999,351,601,719,49,71,533,39,688,222,742,483,435,845
0.029122,843,723,125,232,6,535,556,702,917,253,657,895,229,97,330
0.3071,218,810,380,535,443,760,669,60,398,507,381,738,903,182,467
0.25095,17,72,951,204,648,692,62,547,995,97,143,544,745,886,520
0.016057,928,414,718,824,947,308,660,720,986,273,562,898,31,832,11
0.074022,438,97,586,798,725,244,398,404,231,577,207,971,475,574,93
0.35424,272,864,604,142,75,3,813,969,588,693,627,288,688,999,920
0.11099,499,841,418,961,491,534,19,972,102,16,812,121,669,716,420
0.017639,933,356,669,182,124,912,810,802,652,594,877,584,644,923,736
0.064388,594,754,129,406,560,283,973,809,287,446,484,605,46,457,202
0.18498,212,665,762,256,908,189,464,890,926,868,803,641,101,495,630
0.15716,111,168,354,7,524,546,370,527,79,425,159,386,355,463,804
0.031244,766,316,212,278,960,963,414,946,90,751,824,943,396,944,162
0.041058,531,324,840,526,671,140,474,427,586,560,629,873,677,662,115
0.061227,488,181,917,30,408,392,238,762,730,789,856,477,749,975,802
0.030457,905,662,161,242,26,659,305,90,303,720,727,830,365,939,514
0.091142,235,245,833,740,837,746,769,838,567,310,102,51,794,591,900
0.1419,384,446,172,715,937,428,988,550,578,99,875,829,171,548,560
0.27932,101,380,456,11,376,931,68,826,682,365,379,603,456,995,427
0.08434,237,265,680,839,389,455,215,691,171,721,961,264,875,955,465
0.17646,398,760,835,326,732,19,22,985,562,712,120,178,165,866,58
0.15955,61,83,143,680,293,408,323,168,40,250,933,978,629,246,41
0.1326,21,20,535,615,477,920,636,936,734,82,169,74,905,664,73
0.10276,255,133,484,230,781,278,801,430,425,448,68,570,820,399,970
0.17934,156,250,838,689,799,158,799,513,670,211,415,414,541,830,730
0.11923,190,91,868,559,876,844,482,337,514,719,48,41,194,18,747
0.40538,175,376,26,524,282,888,388,841,276,936,373,316,324,992,462
0.052286,771,463,279,84,409,395,804,660,116,827,461,657,210,887,347
0.14473,159,709,885,562,835,669,827,237,118,300,431,311,855,396,12
0.21457,335,744,651,130,953,747,396,335,490,345,104,313,353,345,445
0.1814,89,157,821,394,348,329,435,669,270,157,4,813,204,75,117
0.88394,214,800,763,449,476,885,450,481,725,296,113,199,738,845,661
0.15301,600,753,755,920,332,978,802,87,881,759,393,776,655,259,133
0.13068,463,77,131,337,151,304,24,246,541,180,830,151,93,327,75
0.072989,501,348,116,261,356,775,561,735,223,682,802,188,558,140,677
0.11592,837,639,360,356,83,146,18,814,15,159,254,117,627,371,220
0.45399,170,496,444,291,884,142,377,208,962,875,644,340,423,229,755
0.086846,422,333,861,506,723,986,109,121,912,801,988,633,100,743,669
0.014513,983,931,390,915,290,99,574,196,245,750,318,46,547,720,929
0.057091,536,696,229,578,811,730,56,575,189,274,785,959,244,544,980
0.053119,692,149,760,332,917,981,725,142,941,982,778,138,252,211,546
0.56114,79,425,230,426,333,887,97,889,750,268,108,212,154,739,413
0.021676,875,545,45,202,460,848,716,885,547,582,74,640,597,539,626
0.29656,440,421,91,845,447,92,848,655,538,615,796,297,87,936,443
0.014336,935,733,123,972,972,26,60,694,73,12,753,663,6,227,351
0.12332,957,987,82,771,63,883,304,13,168,865,14,870,656,721,476
0.054158,663,178,984,593,72,974,825,801,786,614,564,559,536,466,232
0.20621,108,141,820,730,974,619,641,656,191,708,663,512,913,552,575
0.19031,146,227,591,879,441,540,828,875,86,186,668,673,972,808,352
0.073622,566,714,816,129,498,935,406,574,478,944,214,626,871,693,926
0.18467,397,567,973,708,377,205,165,765,764,128,285,407,366,29,360
0.01949,996,942,654,82,873,85,665,295,587,517,840,499,335,1000,110
0.099383,275,509,2,201,989,229,45,50,453,409,670,949,906,421,853
0.51946,43,435,238,859,67,653,582,927,308,735,22,239,403,147,835
0.20729,23,29,104,982,8,715,977,734,794,141,898,982,27,160,640
0.12432,330,225,662,72,167,41,58,214,405,355,106,765,439,176,136
0.030557,979,830,262,327,16,934,701,231,388,339,874,182,399,695,901
0.042561,772,895,177,685,967,211,917,115,733,900,798,986,928,222,642
0.054307,765,916,582,350,824,303,944,616,579,587,733,715,519,63,284
0.075126,749,689,42,214,100,214,144,510,622,942,492,492,211,927,787
0.08814,737,974,996,218,381,262,764,614,905,890,873,511,795,745,910
0.19799,42,50,301,787,240,739,494,787,464,497,82,799,916,677,384
0.14094,383,450,87,672,227,68,92,778,643,561,277,498,11,631,355
0.070269,208,19,505,297,769,706,621,542,932,699,740,850,72,841,799
0.091771,390,755,313,127,393,57,460,281,315,69,832,64,76,474,774
0.44469,9,328,186,542,720,785,421,782,580,978,919,688,298,972,516
0.074916,267,308,588,133,738,277,653,822,768,810,296,509,503,471,650
0.025023,839,635,113,31,149,194,928,499,306,418,671,36,431,343,875
0.18701,63,106,403,657,785,103,978,20,615,402,664,783,585,938,339
0.32615,31,233,501,724,620,678,689,690,919,290,94,634,908,697,510
0.16699,70,108,981,162,683,454,483,852,108,1,729,226,66,365,481
0.10138,580,795,608,453,752,183,975,259,749,650,83,296,647,216,454
0.0032247,1000,964,37,288,910,728,514,451,791,592,126,80,427,605,209
0.15044,583,963,70,448,612,979,207,275,626,738,32,528,505,809,361
0.10643,525,582,90,965,669,652,554,947,307,800,460,470,951,323,724
0.24397,715,762,564,207,520,337,179,212,721,313,978,930,844,701,999
0.16491,288,142,474,125,226,109,580,19,784,816,755,181,963,610,832
0.16166,24,124,206,23,606,741,139,316,930,522,804,381,10,154,145
0.043249,836,722,972,104,267,210,124,282,309,238,556,866,187,770,215
0.03789,493,89,620,81,593,74,786,845,617,231,290,3,175,854,509
0.072025,494,286,68,603,234,6,863,221,895,538,60,22,717,635,897
0.050186,439,22,65,152,664,172,86,26,333,178,234,874,398,974,104
0.10689,165,31,487,783,78,988,990,374,372,370,524,393,380,231,651
0.0759,654,948,236,752,172,251,986,429,125,132,990,412,217,145,998
0.16078,226,454,77,510,337,107,409,418,736,86,147,794,257,546,114
0.063518,405,148,657,389,434,548,872,887,412,29,272,351,286,629,937
0.23342,378,379,958,470,586,475,358,236,883,117,885,846,568,98,38
0.13871,553,707,107,9,637,853,116,579,182,980,784,191,297,100,878
0.026721,756,252,955,953,701,805,634,443,604,482,726,897,598,705,395
0.1747,389,664,130,588,822,230,567,312,669,932,926,579,815,113,126
0.35996,65,164,993,93,817,966,846,482,524,551,477,328,976,296,564
0.049295,627,428,442,235,787,806,721,502,582,634,342,669,374,673,222
0.21856,37,35,558,645,29,268,678,689,217,34,448,787,725,446,808
0.078554,607,601,566,946,312,88,515,641,814,660,886,216,13,880,315
0.13613,141,270,472,250,552,269,607,657,993,604,358,879,92,344,711
0.081,704,594,855,620,318,153,6,107,745,205,288,175,447,680,547
0.13264,291,276,499,5,347,650,345,42,972,696,100,93,534,596,71
0.039867,598,516,985,353,621,46,285,293,234,774,833,433,975,214,299
0.08131,577,889,141,573,665,236,707,911,963,481,363,76,985,239,207
0.24803,648,569,176,509,532,167,526,591,555,588,533,1000,716,452,606
0.07309,550,946,421,546,565,610,286,283,488,28,775,593,9,764,57
0.01934,936,878,271,369,199,473,983,558,181,805,334,193,595,41,82
0.4708,163,817,720,618,90,523,595,566,430,769,598,864,280,669,483
0.0636,541,857,333,298,760,365,91,548,710,341,928,59,732,685,108
0.24099,26,424,55,486,106,208,781,868,134,807,103,505,608,341,96
0.054899,519,177,852,78,45,913,458,383,212,745,356,526,836,851,412
0.15203,72,221,362,895,994,732,609,12,66,971,548,448,354,852,336
0.047905,569,438,923,647,858,390,96,630,796,374,808,558,559,499,957
0.024131,867,739,157,424,159,91,100,594,347,124,170,564,305,964,759
0.11539,152,58,409,710,12,709,255,696,685,162,220,68,879,954,623
0.045412,813,482,16,381,342,558,614,646,2,776,275,345,626,393,61
0.3455,48,139,200,521,367,590,719,524,27,23,572,161,432,864,266
0.11845,641,767,183,716,571,344,267,373,198,338,16,97,476,827,296
0.061282,719,586,992,754,383,877,625,7,783,543,973,324,668,519,423
0.18076,102,84,359,613,964,394,549,578,113,331,558,9,742,865,982
0.070216,523,548,632,934,592,151,956,902,394,461,929,140,445,357,328
0.035065,990,990,605,1,22,376,254,38,243,513,528,289,200,89,282
0.10991,251,47,918,100,589,373,528,880,443,768,353,143,649,641,331
0.094949,510,453,656,878,852,256,960,55,214,898,386,693,919,380,346
0.067367,496,455,679,490,963,852,883,589,539,684,880,300,802,261,281
0.044404,575,468,173,912,437,56,508,658,875,935,209,137,166,238,891
0.089044,800,884,784,643,751,222,997,751,726,694,993,632,436,797,439
0.058957,858,952,349,325,366,908,236,749,718,976,583,920,580,657,52
0.025246,786,644,1000,420,841,720,744,650,13,262,940,383,346,373,764
0.1139,343,616,188,644,262,634,610,95,235,389,202,249,220,130,343
0.18129,59,687,460,224,892,905,307,361,80,653,891,38,682,460,631
0.30996,412,972,911,805,456,312,205,999,218,484,1000,854,776,197,609
0.25012,22,303,706,452,82,190,807,903,525,207,728,530,888,31,437
0.081469,483,407,773,410,186,578,909,61,129,783,763,820,941,80,458
0.025965,959,796,640,39,548,725,315,758,229,383,449,913,897,667,955
0.76299,547,829,779,479,689,124,121,320,295,90,782,118,638,67,809
0.088199,219,17,85,60,761,724,738,144,345,703,336,156,847,179,392
0.087054,757,535,335,376,932,980,925,216,429,422,882,352,36,586,817
0.17289,392,597,530,935,88,215,447,442,65,299,620,565,549,283,584
0.064067,532,519,80,494,924,539,679,561,638,372,917,832,894,585,734
0.1286,503,423,935,498,281,164,830,21,75,140,442,993,397,543,313
0.21311,849,888,845,742,68,188,155,622,337,336,467,636,435,334,521
0.53274,515,966,485,780,564,551,130,624,597,985,918,263,881,787,553
0.12341,459,497,953,942,714,220,775,44,553,555,905,531,770,458,238
0.14327,362,366,819,163,384,34,695,495,991,477,367,192,731,375,193
0.011924,977,973,709,753,857,813,958,951,396,965,446,855,907,665,871
0.034538,824,663,574,515,406,606,835,907,133,187,910,1,966,703,563
0.14439,306,711,118,768,952,718,445,199,964,630,33,842,989,183,591
0.24487,62,235,64,941,907,358,439,130,563,501,749,415,17,83,396
0.1446,396,770,909,331,108,307,389,245,658,450,529,248,348,802,13
0.14998,44,147,211,899,382,397,4,860,165,76,78,985,865,208,831
0.042612,906,655,84,513,470,580,836,10,676,824,735,721,157,398,628
0.14041,64,34,522,527,357,952,628,965,266,48,341,946,701,284,125
0.19948,27,30,223,707,662,604,369,531,22,80,345,710,508,668,782
0.10104,730,919,337,101,64,339,577,604,418,903,424,197,240,740,599
0.15122,151,413,243,425,526,113,201,360,145,88,160,833,468,49,794
0.11689,436,738,652,971,874,437,289,71,494,638,354,402,947,678,455
0.22612,96,646,982,831,746,150,718,207,274,509,374,460,589,359,268
0.11417,308,728,343,765,247,555,878,464,242,471,568,487,523,497,791
0.12336,504,459,688,167,734,967,328,252,500,451,410,527,434,467,567
0.11152,200,23,988,755,638,969,379,253,275,785,801,701,137,775,1000
0.14741,240,568,120,844,601,898,649,440,965,838,626,434,577,581,344
0.086504,507,234,884,4,668,567,147,486,594,775,182,445,616,655,398
0.077144,410,196,492,976,412,69,862,617,551,144,488,997,953,209,723
0.24122,90,481,439,395,334,221,67,585,672,236,581,310,971,796,208
0.16447,346,697,815,243,626,281,706,736,689,505,632,651,525,366,471
0.1219,118,8,557,150,19,696,308,865,465,133,674,542,461,688,638
0.055179,454,243,290,416,915,842,242,637,216,655,439,260,466,660,894
0.12144,125,361,898,387,895,822,831,866,98,33,687,336,67,659,945
0.10505,317,131,858,574,140,825,965,636,288,172,389,802,814,149,500
0.23612,586,546,336,398,66,48,819,444,130,835,544,770,873,220,332
0.10132,593,528,565,757,305,5,905,839,355,927,579,238,126,383,542
0.046083,535,211,743,185,1000,87,15,926,82,8,247,956,349,139,442
0.12507,164,534,603,955,299,615,967,676,459,225,972,836,168,942,870
0.48407,147,815,504,905,98,752,880,545,863,38,515,285,321,820,490
0.037208,662,154,990,814,507,761,317,954,253,811,301,469,444,573,903
0.051597,668,750,733,777,195,332,717,633,244,784,231,162,613,877,728
0.03573,898,583,274,956,860,836,907,584,614,895,656,912,491,558,496
0.022119,972,748,346,341,438,169,178,738,72,348,530,327,697,592,452
0.056442,473,332,216,352,957,393,968,297,492,160,715,455,789,551,838
0.077916,268,53,584,950,170,166,197,317,135,87,554,45,967,916,863
0.32003,138,337,270,112,444,110,904,118,977,378,936,88,754,354,367
0.58887,386,812,339,886,258,498,223,753,157,428,789,153,955,50,961
0.11813,645,742,790,76,780,751,532,993,124,631,949,241,974,733,619
0.14912,548,731,288,825,686,890,943,344,280,847,368,964,351,105,402
0.09915,313,326,793,390,261,784,181,706,723,545,619,211,996,568,869
0.11213,144,100,17,315,44,156,720,535,518,855,378,966,694,537,480
0.094691,942,985,699,323,559,562,27,505,714,578,425,133,634,526,301
0.20949,38,123,880,393,54,366,3,34,788,68,217,358,195,103,50
0.053594,621,562,470,611,24,792,735,461,787,272,640,15,867,828,676
0.090211,302,107,998,625,57,403,779,628,809,549,868,994,150,998,779
0.11142,204,498,79,83,346,94,688,857,403,325,422,333,128,518,393
0.088288,379,500,659,567,632,859,417,68,208,568,902,243,838,535,3
0.066456,297,192,427,467,969,478,789,489,785,295,172,840,473,233,829
0.025997,872,938,201,438,825,894,551,203,151,620,737,753,635,125,189
0.071487,633,897,560,397,588,807,85,541,96,706,109,522,236,34,569
0.050809,956,930,97,885,550,67,185,539,305,558,869,686,89,71,589
0.011267,984,342,777,529,594,522,250,867,953,275,540,899,511,971,363
0.087849,893,200,475,222,165,672,102,395,119,869,899,808,170,575,783
0.098126,442,763,181,619,65,716,311,703,720,350,475,652,33,92,502
0.10494,886,932,930,690,514,63,923,518,699,53,211,234,612,315,938
0.14325,183,480,800,704,197,816,190,831,192,151,397,980,131,150,17
0.095095,153,96,724,677,843,77,522,2,393,854,887,699,583,902,285
0.055097,915,901,538,324,37,197,261,783,967,239,600,105,384,453,406
0.059823,353,298,572,314,881,690,161,942,608,812,550,293,90,583,195
0.16545,230,119,273,652,39,900,402,176,662,859,26,601,482,138,921
0.01865,909,15,239,107,321,831,281,28,354,757,890,389,28,124,637
0.19514,217,429,943,629,479,938,372,872,338,521,742,972,78,6,234
0.13579,664,472,392,973,775,447,685,670,173,547,93,443,458,66,716
0.028139,908,719,56,493,407,434,837,881,141,798,105,168,514,513,907
0.13771,149,74,847,810,826,105,703,84,491,131,790,292,761,269,941
0.0092068,974,495,674,240,870,385,822,150,179,724,140,365,279,815,289
0.80229,258,811,568,924,836,865,310,840,137,535,350,942,845,612,375
0.05124,601,613,931,1000,655,380,111,161,702,198,823,440,214,734,137
0.25754,403,369,420,833,251,27,247,540,371,905,201,533,940,981,660
0.086489,477,522,202,733,684,136,425,14,909,179,116,465,777,679,279
0.14568,130,302,327,721,187,343,709,375,247,553,299,280,994,419,164
0.037646,946,873,782,533,490,552,253,844,871,845,971,17,146,356,786
0.77767,132,579,739,456,748,596,673,298,149,206,138,100,358,985,525
0.5646,287,807,304,688,959,726,964,88,114,9,426,671,59,978,130
0.40367,121,756,645,996,600,545,541,43,156,523,77,574,74,378,827
0.011377,998,782,357,77,364,489,951,151,144,950,157,269,167,120,488
0.028975,838,847,384,310,805,740,696,573,460,94,137,450,63,417,435
0.11825,211,71,946,556,625,693,374,759,928,681,174,568,746,960,229
0.39862,100,384,552,464,944,907,816,767,366,343,954,49,251,924,549
0.038055,491,41,997,931,174,21,148,723,603,412,977,525,274,973,997
0.25646,242,490,204,512,113,880,344,750,690,622,167,952,41,400,270
0.054796,416,347,781,269,913,305,737,613,756,992,817,586,484,658,155
0.10997,322,109,869,158,232,601,887,493,35,799,112,83,372,300,179
0.26632,174,230,495,660,211,467,969,974,890,307,200,675,833,597,737
0.043221,764,803,429,500,336,83,570,588,484,808,413,695,901,472,665
0.021469,869,351,771,111,335,719,77,791,897,680,779,773,752,894,993
0.036236,608,70,974,146,558,60,73,120,575,955,655,204,900,778,235
0.061646,622,902,13,520,137,532,210,896,550,381,828,602,287,230,250
0.051378,361,268,180,861,598,132,927,779,317,335,669,373,512,977,429
0.12833,709,590,500,551,629,315,784,69,975,6,252,416,334,8,385
0.080352,801,818,257,177,280,271,759,888,100,340,689,992,760,388,687
0.023022,785,310,749,850,697,31,429,728,221,995,956,643,91,862,475
0.16085,162,395,643,854,115,245,569,269,821,502,419,42,615,867,994
0.02678,776,144,187,346,102,90,275,848,812,519,388,131,664,982,664
0.17455,198,251,454,986,985,176,227,651,248,589,633,5,333,501,383
0.12115,342,180,136,403,168,513,908,332,703,527,65,727,145,168,895
0.198,556,925,527,114,553,508,885,901,238,146,748,599,395,207,557
0.057909,623,837,502,276,374,374,605,219,486,668,667,395,237,966,865
0.057023,739,660,358,62,15,828,741,611,346,853,122,30,54,536,170
0.035054,787,669,332,646,353,648,868,925,449,407,546,893,868,25,780
0.19713,377,537,689,56,117,591,283,284,290,458,35,807,684,793,608
0.022172,818,581,198,165,693,764,821,356,233,457,221,369,872,193,722
0.38598,169,788,921,260,303,426,854,978,859,351,398,479,700,114,978
0.013017,861,125,443,703,595,75,84,247,454,569,507,598,186,304,930
0.070377,896,934,71,380,996,570,64,441,321,112,87,354,768,925,892
0.081862,686,882,491,981,206,348,363,432,529,939,223,903,68,530,931
0.008693,973,913,148,138,838,2,95,346,422,961,240,99,736,746,572
0.33635,411,412,708,843,304,895,186,164,832,153,947,169,314,385,513
0.037843,919,991,618,34,309,637,477,235,479,918,440,34,529,726,733
0.029721,780,396,677,347,397,668,882,131,329,777,331,424,446,256,240
0.29641,127,822,341,244,69,904,507,472,436,843,255,904,726,178,837
0.032134,842,909,370,304,705,906,930,724,857,662,339,552,646,15,44
0.013657,971,673,694,745,624,213,131,62,446,152,414,725,857,847,190
0.088965,224,187,6,597,2,841,259,309,913,533,59,113,890,714,915
0.05936,552,491,944,241,849,738,891,727,123,81,92,32,715,69,457
0.1143,485,458,156,342,567,936,931,372,981,564,945,184,784,490,314
0.046572,939,977,469,592,390,515,362,417,71,736,213,124,180,958,76
0.11102,113,18,704,918,484,882,911,82,834,472,264,818,775,794,218
0.13945,352,600,440,928,549,985,341,483,139,625,435,148,685,281,771
0.081074,273,63,265,609,345,737,426,273,610,309,764,486,979,267,731
0.067598,414,240,947,212,729,873,137,572,665,277,455,400,7,61,34
0.084632,767,712,823,143,772,106,947,191,420,997,975,661,206,308,778
0.06214,401,241,543,220,210,915,829,991,543,830,316,629,379,725,451
0.086131,248,9,235,140,475,914,674,631,458,103,173,977,898,935,7
0.020942,931,936,756,363,975,405,748,64,399,713,420,677,683,621,100
0.025881,966,668,691,295,34,817,557,318,180,316,566,573,878,477,304
0.10941,168,122,621,585,295,794,392,661,797,285,628,717,602,286,709
0.10692,333,690,665,348,74,80,169,412,806,867,453,224,772,926,341
0.17971,811,903,598,22,379,42,211,648,824,779,758,208,20,683,267
0.036752,728,278,747,856,147,253,864,159,621,969,304,396,620,36,795
0.098661,388,565,975,534,467,52,228,456,865,640,571,142,230,285,881
0.091979,753,759,32,236,245,463,470,612,763,35,585,342,555,702,312
0.17216,19,79,948,109,488,583,273,171,239,912,99,147,224,79,707
0.043997,679,266,169,194,848,430,693,31,577,190,871,929,737,932,338
0.087333,487,775,678,94,200,699,711,466,441,126,278,537,275,76,616
0.06128,882,961,561,283,464,759,639,359,363,326,366,591,258,949,91
0.079049,760,862,413,638,161,182,539,192,639,809,328,973,460,943,409
0.10722,98,12,546,682,162,217,488,571,18,813,508,321,680,921,879
0.13565,452,591,646,122,315,479,239,306,25,480,826,256,215,109,526
0.18186,249,343,941,872,792,878,103,937,742,946,761,394,557,576,833
0.036062,500,102,670,664,992,624,266,781,140,315,485,19,935,774,959
0.17687,145,499,602,45,43,566,94,200,312,964,904,60,671,984,320
0.11372,188,51,447,50,678,175,274,952,178,1000,745,413,242,554,459
0.15584,526,734,750,339,808,762,617,834,709,96,121,871,596,835,692
0.063609,823,721,117,751,694,309,791,871,9,923,759,683,323,482,54
0.96284,194,698,102,590,657,201,578,394,255,306,456,61,650,670,491
0.10024,589,385,978,189,223,1000,485,178,163,219,781,318,532,494,29
0.052791,770,908,232,741,938,45,681,943,340,870,184,244,14,45,46
0.098178,720,732,735,582,800,575,762,147,81,619,991,152,808,295,53
0.069298,630,451,388,195,40,561,790,314,445,526,239,332,539,221,482
0.031716,965,940,432,722,220,803,449,742,906,797,490,272,522,619,656
0.12429,428,649,817,132,80,23,692,355,504,440,563,670,99,504,830
0.17123,51,224,934,157,531,47,699,114,289,18,702,667,614,337,531
0.065071,407,94,411,164,36,495,702,532,656,669,13,410,441,455,35
0.036866,768,746,103,925,278,300,684,849,767,973,377,37,565,319,905
0.084393,283,444,607,148,442,858,106,47,831,139,434,950,678,351,789
0.039445,922,692,902,120,454,945,270,448,4,483,560,958,424,306,408
0.12349,94,166,14,483,224,992,468,496,607,168,323,515,369,994,880
0.14227,276,277,597,294,578,310,459,744,466,334,709,485,480,595,51
0.53947,260,511,794,443,958,494,339,930,722,424,392,262,843,687,358
0.52545,114,186,389,868,517,577,390,815,271,57,178,647,828,82,329
0.087553,369,521,829,88,228,544,246,873,974,499,75,387,946,891,964
0.041198,793,542,275,312,246,267,229,174,304,498,849,737,891,486,196
0.054562,591,260,606,586,687,786,851,296,540,493,908,750,586,451,140
0.062609,708,651,754,215,372,360,533,80,683,954,42,157,560,771,92
0.068813,576,357,276,159,995,233,757,924,716,221,532,747,254,600,524
0.16566,199,675,134,38,706,64,233,217,773,970,559,804,895,196,227
0.1962,28,220,521,245,158,530,452,39,700,892,445,583,990,96,696
0.13082,142,322,725,992,615,788,419,292,195,349,616,628,339,17,855
0.13856,95,26,254,832,519,141,926,380,994,984,466,815,367,634,857
0.33027,181,445,843,563,216,756,1000,438,302,183,136,12,660,730,612
0.083432,437,259,209,963,516,162,910,794,323,618,8,554,817,833,682
0.019725,964,850,722,554,832,707,597,366,281,906,998,43,676,692,98
0.01233,925,330,548,679,997,418,941,501,258,590,457,62,543,781,192
0.095781,243,300,729,198,576,242,585,982,779,656,792,937,40,625,394
0.1049,158,249,455,499,886,661,132,808,132,871,311,122,837,60,527
0.13416,172,420,799,528,116,29,52,918,903,864,190,119,85,856,33
0.035041,822,475,252,227,85,224,687,328,822,58,349,347,564,626,996
0.17773,913,705,297,474,579,43,208,769,650,851,799,275,113,691,479
0.1726,40,38,425,890,634,585,840,921,671,596,238,70,308,191,893
0.14087,269,634,356,830,330,581,672,552,310,863,857,356,177,674,88
0.080136,304,90,436,115,38,359,713,685,692,730,525,566,610,133,148
0.021429,900,282,278,151,190,925,306,963,771,71,176,939,416,420,379
0.14597,695,836,989,273,325,960,892,197,241,321,677,449,197,39,762
0.21707,25,271,937,361,230,918,785,955,23,363,310,11,357,223,497
0.030913,891,210,626,428,135,436,671,664,810,494,118,908,47,186,688
0.030309,876,715,280,17,144,549,809,977,467,825,920,472,877,404,333
0.20099,49,114,547,450,231,897,782,163,589,390,185,805,430,742,327
0.043245,916,997,289,550,157,510,509,407,493,994,760,649,486,649,239
0.40261,962,981,808,126,764,976,412,766,609,426,788,645,842,608,667
0.27259,651,471,844,896,818,202,545,674,591,181,436,207,429,287,223
0.24811,67,740,789,378,392,284,292,945,815,671,429,936,981,470,689
0.022527,892,951,422,985,770,977,284,382,439,670,400,612,605,2,818
0.14088,74,24,400,699,887,899,631,681,651,611,551,785,86,312,27
0.20922,360,798,57,584,878,289,158,555,533,627,64,235,18,498,40
0.065794,953,960,766,659,120,135,193,817,92,439,151,788,182,671,928
0.079682,223,334,744,211,900,118,865,892,899,639,337,812,535,531,785
0.0098522,985,886,554,589,180,811,347,948,14,744,210,47,48,836,20
0.11056,642,599,707,569,471,257,971,830,844,467,149,350,192,415,535
0.063065,731,879,994,702,235,870,850,756,46,130,951,921,699,556,278
0.11761,451,381,192,621,501,266,44,226,373,998,967,429,129,14,898
0.10481,455,859,637,504,816,845,547,311,645,227,725,349,853,240,163
0.21681,327,958,207,274,610,120,562,517,545,791,69,112,806,3,449
0.060656,640,143,31,998,111,958,586,132,860,911,865,740,930,888,503
0.042192,555,306,986,951,930,736,550,334,606,278,586,654,641,26,763
0.12698,148,104,798,898,718,299,195,46,142,941,123,85,604,901,67
0.1727,229,292,260,252,784,492,61,390,292,54,793,245,740,967,444
0.30818,178,55,812,602,557,410,895,913,845,488,503,271,52,384,627
0.13257,326,162,374,880,739,767,845,602,522,147,696,685,763,948,856
0.22524,84,677,295,377,928,471,686,625,250,314,195,384,300,969,765
0.046044,702,701,783,919,708,372,875,75,891,14,718,473,35,213,464
0.13795,182,121,158,860,797,847,613,523,585,320,916,886,125,314,574
0.27047,490,941,396,816,77,291,593,137,265,781,502,752,790,672,378
0.11795,544,524,787,511,776,646,795,301,83,571,141,607,587,157,300
0.13954,881,730,127,692,385,297,722,188,291,200,489,40,573,81,748
0.047526,675,614,296,962,803,833,624,884,635,311,473,195,293,514,463
0.025911,792,382,8,139,212,423,110,153,674,478,273,379,918,305,505
0.16135,140,85,592,932,302,255,34,149,377,574,750,548,709,311,123
0.14704,635,840,407,15,547,582,206,923,278,257,416,422,720,699,743
0.050966,724,159,29,191,935,834,743,11,770,518,617,134,964,601,486
0.14485,278,489,303,807,359,234,473,146,95,637,592,279,858,131,932
0.060987,815,797,940,417,399,998,168,353,512,129,771,733,863,510,512
0.066322,336,27,908,319,950,432,50,944,846,743,964,411,970,252,987
0.15613,3,3,228,153,205,701,466,701,925,421,836,639,949,737,685
0.22678,253,427,641,673,741,688,113,534,20,929,692,145,239,941,380
0.26753,202,555,119,781,715,973,423,154,59,258,54,619,103,968,624
0.1499,475,805,772,786,17,127,576,263,625,188,315,230,283,768,165
0.045039,934,988,377,558,627,595,989,659,923,723,494,338,816,203,947
0.23615,14,49,556,669,87,708,774,711,549,645,527,209,925,68,850
0.024332,967,765,375,382,768,14,661,381,532,500,746,67,764,790,913
0.13478,385,287,154,711,363,445,93,642,57,113,938,608,290,198,280
0.083621,484,171,939,773,754,481,75,352,724,861,482,480,110,367,986
0.10415,862,832,900,44,322,497,860,183,401,93,982,159,884,20,419
0.11258,341,540,412,553,473,350,899,420,107,123,27,295,127,818,354
0.026793,888,854,153,105,401,396,690,93,259,722,370,672,70,884,523
0.053999,543,156,459,171,893,917,808,692,693,793,543,910,247,617,517
0.06909,447,603,649,627,951,369,932,179,827,610,258,287,414,760,953
0.69488,120,570,328,564,883,466,136,422,93,962,246,990,336,816,604
0.066265,445,174,841,330,253,723,853,369,753,786,468,250,120,522,153
0.040196,718,743,888,642,410,276,503,477,958,449,90,417,679,928,143
0.11832,848,900,573,541,422,922,176,563,765,465,637,478,360,488,935
0.36409,220,401,310,358,50,901,814,270,985,667,937,155,23,185,866
0.018503,952,757,395,496,365,769,603,425,983,72,738,89,198,708,529
0.038579,665,487,285,43,466,493,742,713,469,287,756,722,21,409,700
0.11505,7,1,690,948,984,804,667,446,473,557,355,644,619,825,805
0.15973,176,602,222,373,146,517,953,700,509,709,574,219,485,436,654
0.12236,60,410,298,491,890,638,410,305,384,56,605,363,826,512,321
0.12656,423,851,803,561,51,779,316,847,147,878,130,868,561,352,972
0.14323,629,477,428,628,618,280,934,795,175,492,496,146,343,897,858
0.067427,393,206,30,392,455,225,590,554,849,235,249,823,960,855,545
0.028694,712,367,887,639,707,272,364,695,704,254,512,826,174,690,934
0.17598,279,372,182,391,888,433,394,454,106,78,343,276,724,303,971
0.05233,941,975,809,98,735,748,300,853,50,510,409,149,144,476,477
0.079976,357,377,514,65,591,599,525,145,841,135,704,553,42,484,571
0.034759,478,40,710,633,862,771,540,764,691,330,25,419,272,624,836
0.5142,448,868,215,626,704,98,194,122,902,19,45,518,834,648,167
0.070679,697,576,25,328,688,681,623,348,52,606,76,756,158,228,159
0.090048,808,825,144,219,155,948,336,906,655,182,786,881,243,788,138
0.077343,355,263,39,695,622,114,309,469,457,740,839,962,490,107,356
0.040137,669,229,227,694,276,987,220,405,159,120,405,916,880,424,617
0.087792,545,552,615,691,114,241,298,289,16,259,286,928,328,485,551
0.033419,840,866,489,849,237,777,616,606,666,312,523,734,893,492,127
0.099007,116,52,132,653,7,597,663,957,222,427,896,78,83,723,248
0.07456,698,483,441,548,753,698,212,998,741,36,37,611,533,218,570
0.0738,655,578,434,993,266,456,564,577,774,404,989,130,415,268,843
0.013058,980,986,272,683,104,273,47,898,717,366,870,87,295,204,119
0.071561,853,751,194,675,777,673,626,755,166,30,233,781,307,403,967
0.20435,444,553,138,980,788,658,128,36,570,584,720,200,692,989,350
0.066191,682,766,950,401,527,196,991,267,94,362,534,587,193,656,349
0.046192,773,173,736,476,128,664,777,819,442,711,481,618,710,772,645
0.029611,741,501,365,667,219,564,901,165,193,463,280,52,22,909,885
0.18762,656,618,788,806,978,506,416,597,914,20,707,283,810,215,753
0.42364,77,137,666,651,794,363,203,551,68,975,330,471,407,40,353
0.2941,18,136,253,402,329,209,919,98,1000,951,406,906,849,254,666
0.033505,851,790,72,803,86,802,591,56,379,960,146,739,896,236,550
0.22369,300,965,445,176,562,526,888,27,252,710,383,298,105,824,577
0.016818,912,894,682,372,846,138,65,973,713,771,313,447,149,589,657
0.93305,99,525,778,531,358,139,13,96,940,116,787,680,271,642,923
0.14403,318,503,338,175,76,774,407,512,390,171,876,304,71,900,543
0.063911,299,408,394,779,518,340,11,928,375,508,846,98,921,520,877
0.03924,738,175,147,322,650,735,599,340,186,792,693,101,386,24,84
0.11348,261,261,75,409,123,320,654,835,918,84,935,315,527,630,414
0.085068,597,392,703,519,189,533,313,449,952,595,639,892,962,95,579
0.13733,209,46,904,404,60,745,141,94,641,118,364,917,590,911,182
0.11184,290,267,938,758,789,416,105,215,456,691,697,33,45,993,456
0.10955,185,93,746,434,904,959,750,262,313,525,266,385,32,878,981
0.13338,391,374,135,14,297,623,889,329,286,530,931,66,241,175,515
0.061138,324,36,761,837,786,163,787,480,581,294,794,803,773,542,405
0.16192,742,694,836,732,136,983,548,878,402,149,950,718,2,127,39
0.054308,846,970,292,193,432,264,150,345,668,10,437,660,944,904,811
0.034612,819,791,877,743,181,228,355,816,452,529,591,54,284,128,416
0.057604,791,896,225,196,798,872,1,228,654,874,608,423,29,342,727
0.062788,829,787,398,296,536,15,664,804,89,394,909,809,123,144,906
0.36396,476,821,221,282,583,501,592,915,678,486,314,309,189,533,469
0.12854,551,529,284,764,371,896,912,757,127,842,396,714,64,840,508
0.64661,373,849,786,788,936,810,49,99,188,333,284,380,999,799,841
0.050991,637,530,168,829,677,772,293,415,161,241,710,853,957,588,936
0.056005,529,670,100,249,993,933,318,818,833,986,521,702,811,756,30
0.033596,940,619,1,287,285,616,952,774,352,837,654,221,292,934,556
0.14332,672,876,140,231,255,341,924,553,762,329,198,172,821,430,904
0.15022,191,198,619,441,906,721,535,433,566,161,577,306,77,282,256
0.19528,433,809,43,906,923,618,974,184,593,226,747,951,277,13,438
0.059758,420,517,759,882,453,298,879,803,172,106,517,800,337,872,593
0.15328,301,296,922,938,411,415,454,439,48,623,135,111,909,976,852
0.059061,833,653,587,607,119,812,555,673,520,210,150,831,714,54,371
0.166,68,197,462,25,806,235,166,181,254,414,237,905,249,418,374
0.10997,717,877,178,221,292,611,565,891,397,945,498,775,235,9,369
0.17674,180,188,21,709,207,79,527,671,867,996,866,648,289,919,741
0.023068,924,907,479,648,343,465,352,119,322,974,682,14,470,112,428
0.044073,690,737,224,156,918,254,431,623,176,323,394,851,467,64,160
0.12589,236,112,534,102,955,579,511,371,60,496,282,201,859,776,242
0.10163,349,218,159,819,703,82,57,25,10,937,589,597,584,44,674
0.13527,323,242,220,457,528,694,714,687,946,462,407,884,255,427,113
0.09578,408,771,314,364,726,438,615,717,410,485,555,421,934,242,335
0.12775,171,383,399,33,971,697,753,450,628,125,181,339,362,953,131
0.095634,167,32,624,748,132,860,411,210,121,66,145,555,988,810,552
0.11761,693,956,600,455,398,518,856,218,413,442,999,26,316,538,819
0.06222,902,924,516,168,831,484,501,526,70,987,731,92,995,783,247
0.062074,425,355,4,349,986,16,329,640,711,163,450,454,569,156,960
0.037667,930,558,915,123,891,712,773,904,314,924,250,303,501,789,868
0.024533,781,209,647,576,733,940,900,652,805,110,444,580,711,578,635
0.041781,797,488,213,572,747,711,619,621,600,796,522,222,199,566,568
0.016483,877,456,88,246,949,187,524,459,811,943,417,637,388,210,548
0.097811,706,457,810,371,830,488,25,858,419,63,513,371,202,135,434
0.054055,856,699,137,229,853,862,385,635,105,136,411,281,588,868,697
0.2675,903,945,957,488,497,104,521,9,572,455,224,711,262,391,176
0.024186,832,130,446,321,324,568,5,883,131,575,561,975,702,500,792
0.032103,894,780,577,28,91,238,767,384,561,433,730,724,209,594,325
0.028838,889,345,47,836,503,429,920,398,361,234,642,999,489,172,370
0.050642,897,947,839,684,577,780,127,271,564,373,371,35,876,12,699
0.045383,666,786,622,842,94,89,800,672,495,872,97,723,691,27,4
0.10176,467,436,542,623,640,713,371,797,7,600,191,927,743,632,872
0.13779,85,223,705,876,58,406,500,24,53,624,88,494,648,225,499
0.012806,986,727,73,575,604,864,204,730,427,445,911,227,513,166,36
0.16067,470,426,348,12,263,155,98,180,629,714,402,551,425,448,466
0.060404,653,617,616,421,338,147,467,167,194,657,348,793,393,65,595
0.018959,989,826,796,901,700,351,245,307,207,232,463,575,116,731,912
0.12703,716,470,723,430,681,218,710,141,236,741,11,620,270,606,963
0.19837,13,191,519,826,931,968,120,747,792,270,958,438,502,153,554
0.017677,969,557,569,577,854,937,859,388,804,55,270,16,961,534,272
0.15814,66,81,95,967,699,647,844,568,836,609,806,689,980,907,59
0.056146,498,510,431,172,755,195,903,152,719,687,261,513,718,394,382
0.13359,107,442,667,117,469,323,936,709,595,15,309,875,191,307,951
0.10075,215,69,893,351,440,453,984,239,78,673,134,179,108,101,446
0.097512,225,344,255,966,820,620,427,586,829,26,997,404,767,195,70
0.20101,527,801,932,368,745,421,666,564,477,593,960,567,350,459,77
0.043371,626,394,576,978,32,949,629,138,177,683,584,109,592,43,744
0.090263,402,364,451,571,150,159,408,108,688,376,459,751,571,177,686
0.052624,943,506,882,108,954,559,861,15,677,968,329,650,783,930,740
0.062211,585,560,256,251,537,145,297,843,503,357,597,508,969,560,31
0.065293,366,280,520,718,663,356,651,506,584,677,365,299,288,922,478
0.066426,680,898,570,744,722,521,249,1000,557,880,820,925,651,561,21
0.28935,457,641,719,867,143,829,153,559,257,767,712,57,440,1,586
0.033508,632,508,949,927,742,614,683,520,126,107,188,90,57,858,558
0.08078,481,464,553,979,97,444,222,140,987,75,306,659,575,84,956
0.14583,29,140,122,999,587,468,70,37,416,280,52,556,757,795,813
0.10086,298,99,247,835,14,507,331,869,558,119,970,719,115,438,636
0.061535,711,469,655,485,899,4,154,976,960,267,7,821,797,580,473
0.072066,802,983,277,566,201,955,939,455,568,218,769,290,53,407,213
0.058999,557,370,160,908,575,654,498,864,506,511,376,516,771,637,675
0.095103,421,128,594,480,3,367,933,18,99,222,295,24,889,328,81
0.15243,86,439,545,706,869,605,833,463,732,322,650,223,390,134,618
0.077831,860,844,241,991,948,335,361,897,296,377,780,981,225,362,433
0.028206,923,718,897,604,264,571,418,507,887,429,685,621,553,126,460
0.064747,509,648,612,634,388,796,461,519,87,977,952,164,662,122,142
0.058531,334,65,912,131,660,50,462,399,240,399,38,754,102,21,717
0.098059,584,943,895,475,463,8,950,697,660,953,28,678,487,141,472
1.7639,73,816,528,344,762,989,403,996,268,949,158,563,550,22,297
0.1033,636,418,480,869,795,226,704,364,154,469,814,7,645,116,219
0.052008,687,589,63,671,311,512,733,40,937,215,606,56,870,661,390
0.11745,705,778,74,761,452,346,353,45,634,907,325,390,747,333,702
0.078084,625,67,205,794,131,70,938,133,331,246,236,476,729,579,839
0.18607,250,161,249,560,653,671,886,829,659,392,897,703,642,339,345
0.04123,927,950,355,729,581,250,502,109,385,661,294,63,506,212,916
0.12826,508,204,642,790,692,663,152,987,599,840,516,426,751,465,701
0.13905,192,231,635,769,148,482,896,833,530,491,186,865,950,747,566
0.071166,374,264,478,735,580,86,367,278,959,528,587,481,143,853,348
0.16246,284,657,832,408,380,946,949,570,230,437,156,158,404,202,399
0.23317,126,176,340,290,487,641,942,824,534,184,573,704,781,996,518
0.18951,450,944,728,907,863,334,659,811,761,834,327,606,829,750,537
0.14792,277,64,685,863,763,381,560,268,973,384,889,767,542,78,68
0.15774,309,331,46,228,652,560,43,201,521,559,464,405,319,429,249
0.028148,798,704,919,311,139,389,694,603,667,896,588,435,786,782,45
0.080324,616,769,266,29,934,263,490,403,847,49,369,430,531,572,911
0.2633,8,329,971,838,666,413,552,67,91,164,822,187,922,805,625
0.020815,834,179,179,285,433,100,401,870,463,24,166,23,363,748,639
0.086375,688,654,824,937,445,36,340,308,513,866,815,331,400,988,487
0.082265,512,520,401,734,782,742,225,654,364,822,89,984,507,118,522
0.12752,700,892,871,591,492,44,935,544,574,109,451,615,911,961,874
0.019853,954,806,848,266,268,814,644,400,839,261,943,220,347,408,760
0.032769,857,629,663,64,815,856,640,632,344,91,979,198,311,524,914
0.0099606,982,875,540,18,712,370,290,465,368,224,751,862,674,255,949
0.12698,117,59,482,186,421,282,972,743,201,828,399,510,228,143,243
0.024701,961,848,433,472,670,354,302,780,369,216,428,646,852,447,470
0.26422,137,336,732,405,897,633,697,5,800,214,768,10,153,823,283
0.062106,676,781,551,305,198,294,476,409,284,512,300,367,104,545,940
0.12201,134,189,342,355,192,246,354,4,712,375,63,125,392,521,611
0.072325,701,672,386,145,386,527,479,338,260,616,360,462,912,90,576
0.11957,307,236,363,431,47,824,612,639,560,966,854,461,673,19,83
0.039917,678,566,559,952,62,457,726,230,605,3,552,337,107,262,366
0.17318,578,819,364,678,418,687,963,111,636,718,152,519,269,188,977
0.075418,703,325,283,293,810,480,874,195,160,679,351,934,492,123,925
0.10048,246,350,966,300,925,227,505,688,542,648,776,741,437,956,540
0.094344,559,319,510,259,239,101,857,850,487,626,783,630,748,707,615
0.093332,563,406,769,649,909,838,499,423,392,940,834,759,782,931,174
0.31771,12,152,367,48,929,311,756,177,837,692,569,666,359,848,757
0.094503,619,834,660,19,882,331,258,447,407,910,615,408,758,115,225
0.46073,69,808,987,760,661,204,579,605,816,371,491,631,81,57,769
0.80242,58,118,899,124,294,743,700,490,128,289,708,13,785,85,975
0.04514,864,502,687,778,483,516,430,277,858,752,987,126,666,348,834
0.12725,97,172,927,384,649,121,209,484,596,342,115,357,733,963,507
0.087777,572,317,539,712,767,608,312,315,823,857,858,841,978,475,326
0.061146,564,891,344,303,279,519,7,437,282,573,855,488,265,439,601
0.055341,381,127,268,225,508,12,682,790,29,922,401,983,132,593,559
0.034771,684,163,105,418,480,622,214,136,573,473,15,266,136,381,292
0.021797,917,835,532,606,250,316,834,565,471,406,380,914,268,646,422
0.07193,375,239,114,820,702,556,670,596,687,556,777,837,856,478,415
0.069019,854,939,402,396,28,314,797,745,884,154,679,713,938,801,770
0.047636,546,117,711,630,9,130,108,958,297,194,766,474,657,773,273
0.042658,790,474,874,655,773,676,976,101,483,815,333,91,574,440,172
0.039633,810,814,108,911,685,243,471,300,381,62,611,273,420,320,230
0.036694,783,258,382,484,791,886,66,752,190,318,3,464,34,850,340
0.087604,303,393,721,179,152,223,635,805,42,685,320,604,929,241,89
0.077964,259,572,306,581,965,477,192,820,571,654,575,326,465,442,621
0.045052,951,869,197,354,482,951,734,261,348,328,253,251,451,5,391
0.23794,32,88,23,263,635,326,611,260,47,46,963,120,201,767,590
0.2073,232,397,891,770,417,486,584,950,519,790,698,442,124,364,287
0.073014,518,299,473,726,481,586,484,668,777,891,479,795,222,496,447
0.038423,614,185,684,881,998,823,723,205,772,170,441,364,273,754,776
0.29258,759,915,369,700,73,322,823,776,367,546,226,341,375,507,924
0.047936,495,42,264,144,439,649,303,302,475,732,537,20,481,219,24
0.25928,371,255,968,926,759,500,343,376,444,276,382,353,411,620,670
0.11346,241,228,571,272,191,325,140,528,866,189,229,968,238,986,854
0.041594,681,720,7,537,920,675,446,693,232,324,948,746,56,875,985
0.1879,482,967,828,668,812,193,987,983,391,674,84,320,8,744,705
0.11661,845,860,906,701,127,59,48,408,470,400,848,532,95,347,211
0.0085086,981,686,780,943,999,65,277,618,657,175,841,996,860,822,715
0.054347,468,39,465,502,182,609,794,78,817,983,683,231,233,413,927
0.10307,83,14,142,713,639,148,538,385,908,251,800,374,282,762,673
0.068707,363,354,3,789,238,550,441,662,818,271,968,790,707,155,364
0.052387,638,890,727,71,204,435,200,52,395,981,604,863,135,821,884
0.14514,129,314,162,570,431,62,386,854,1,787,39,453,600,965,581
0.025781,970,953,716,543,736,636,652,837,389,675,724,456,885,410,8
0.054846,561,387,633,522,362,349,495,117,237,468,985,81,248,644,694
0.045354,827,871,920,933,93,795,876,279,249,733,695,814,163,325,135
0.023825,796,443,326,792,101,635,537,522,6,201,545,940,173,979,775
0.096776,497,409,896,503,429,695,999,416,511,856,827,228,320,340,269
0.058976,426,60,979,800,551,891,472,763,267,958,256,294,546,611,253
0.13805,81,257,883,262,793,345,395,823,680,42,5,458,515,194,919
0.7422,320,1000,740,723,52,160,162,29,951,223,652,777,582,562,756
0.35867,109,262,58,338,92,753,594,105,205,516,955,571,696,205,995
0.10532,271,462,352,412,426,152,870,291,957,359,795,330,219,555,820
0.16387,30,10,644,641,296,66,314,810,620,266,362,282,75,892,228
0.096599,524,867,774,63,308,73,776,65,896,142,773,596,607,369,118
0.06221,456,437,312,714,188,632,662,313,843,831,974,546,624,32,714
0.1491,173,373,698,762,53,295,796,562,293,989,580,116,524,277,60
0.22521,281,478,785,265,244,809,546,467,202,305,228,614,526,142,846
0.023196,907,667,251,74,163,909,296,855,213,403,10,592,179,224,511
0.028904,804,596,596,183,646,926,260,222,400,89,43,177,599,206,806
0.15905,160,75,767,70,33,128,803,862,619,921,438,658,927,104,698
0.056561,643,831,435,180,968,631,240,899,694,734,983,869,82,468,291
0.025231,963,684,66,841,328,660,961,938,877,105,57,679,933,937,95
0.16311,133,571,648,87,905,382,301,537,612,520,618,50,500,119,194
0.14384,186,87,907,666,241,97,326,77,754,948,767,965,387,250,9
0.058048,673,608,805,47,307,587,356,912,624,956,276,976,516,732,401
0.17701,54,318,859,507,991,342,196,861,649,304,939,322,948,280,166
0.048314,874,610,765,316,122,318,871,419,184,760,162,82,361,755,177
0.049068,660,637,857,461,541,782,405,242,536,754,673,896,787,106,534
0.13222,143,68,464,32,602,239,177,812,769,435,447,911,576,266,532
0.1364,419,927,461,8,95,644,299,330,950,203,271,432,263,814,37
0.14601,76,120,806,97,331,705,729,587,921,248,155,506,260,883,648
0.097051,233,66,321,96,674,32,559,593,143,420,177,708,551,813,206
0.092618,312,621,531,40,679,962,287,155,408,74,289,623,94,273,633
0.19724,368,237,468,205,981,972,608,97,117,565,462,915,259,275,323
0.49751,136,852,595,862,351,265,376,964,64,762,248,536,138,437,773
0.025801,710,116,397,698,419,185,478,92,934,13,895,687,708,751,706
0.043889,479,199,347,237,676,355,736,143,861,581,959,655,62,159,56
0.03557,631,304,96,539,572,402,675,961,698,821,613,493,443,618,181
0.059545,540,640,924,949,323,686,740,342,43,470,257,907,294,529,112
0.061533,683,632,886,170,415,441,982,504,510,475,614,497,356,189,224
0.1362,364,279,825,846,300,902,866,900,158,50,903,860,15,346,610
0.036649,887,957,315,61,850,375,76,326,498,298,684,798,382,234,888
0.020286,918,885,792,301,647,509,818,971,546,514,765,203,538,201,784
0.082075,376,281,589,302,717,997,170,470,356,213,821,317,942,694,828
0.05317,469,494,563,492,521,625,730,746,246,208,242,545,494,837,318
0.046084,899,758,450,871,790,524,566,629,752,255,845,656,958,722,979
0.056241,694,678,867,292,61,61,867,729,936,419,73,496,661,117,690
0.11429,567,628,62,622,538,377,523,351,515,441,81,359,643,914,120
0.22197,20,57,331,959,515,301,188,714,294,914,1,954,622,464,989
0.038353,748,389,195,466,829,93,921,3,387,763,219,801,803,736,519
0.070869,530,465,515,451,257,957,138,367,569,347,292,278,495,158,974
0.22839,311,785,217,902,27,961,357,148,256,148,519,784,155,738,498
0.044298,745,954,5,640,941,274,51,166,264,398,62,307,923,527,461
0.026462,947,630,126,795,468,474,985,645,38,860,412,308,203,251,66
0.13876,266,604,890,747,568,293,486,836,110,542,505,128,799,997,187
0.077537,511,158,524,413,133,919,553,186,819,570,189,932,548,129,122
0.087653,937,994,146,884,865,797,849,41,748,191,175,728,377,374,629
0.282,282,492,846,360,320,391,487,474,84,617,227,709,739,717,233
0.043367,806,359,149,197,673,324,218,83,910,552,124,948,841,532,847
0.31686,528,804,294,217,842,206,391,959,332,22,900,491,376,77,251
0.14273,205,461,237,10,56,755,998,362,602,899,810,225,672,200,357
0.21852,154,284,737,681,623,733,359,949,661,823,391,495,835,249,485
0.039787,750,573,977,776,845,137,760,232,759,804,493,183,25,274,592
0.049226,976,949,628,947,105,424,280,322,12,926,635,889,169,718,306
0.14653,234,460,536,173,416,574,342,63,856,544,986,817,469,553,824
0.43864,732,911,293,818,970,589,568,104,301,933,458,274,812,270,221
0.075077,319,222,44,594,286,448,751,251,19,495,717,361,521,46,772
0.171,15,61,259,514,402,994,335,715,507,672,864,267,61,895,87
0.085573,460,609,67,284,275,584,598,771,916,102,483,86,442,882,105
0.051724,610,441,453,746,31,116,884,851,299,524,861,549,318,431,258
0.024122,991,695,483,178,962,357,122,931,31,747,259,779,968,479,620
0.21221,55,98,578,989,645,22,600,986,813,265,340,782,886,623,441
0.025697,921,959,726,54,765,400,324,953,544,293,965,901,296,91,411
0.062084,285,146,636,827,505,111,955,827,826,642,19,28,402,712,94
0.17409,5,2,864,750,721,996,384,856,285,288,212,760,80,571,882
0.14917,332,346,507,379,361,292,46,249,747,95,395,963,391,169,205
0.068305,871,802,523,446,500,157,294,859,341,700,722,397,267,890,800
0.27055,56,752,493,481,597,830,380,287,630,873,312,692,266,184,984
0.089949,554,311,693,662,138,754,83,941,54,156,474,343,874,906,909
0.10712,435,145,109,517,420,944,847,124,969,2,603,588,713,33,933
0.18835,652,872,467,329,939,857,256,468,431,532,432,6,719,915,421
0.078334,257,349,964,977,512,576,243,877,351,737,539,377,60,785,679
0.25569,46,135,267,693,236,126,99,538,448,862,128,48,579,565,168
0.12382,203,7,497,903,540,642,252,224,751,70,470,441,727,804,271
0.048764,611,688,795,343,277,179,237,773,432,21,567,859,373,290,26
0.07401,296,536,814,916,633,9,754,103,842,729,403,676,769,640,864
0.14597,213,134,653,579,271,854,10,619,966,252,843,58,326,803,573
0.079554,592,584,544,497,326,362,691,76,798,894,678,806,609,559,204
0.060208,649,155,518,57,545,425,877,406,262,167,602,989,39,602,69
0.13252,155,101,627,557,973,837,291,704,56,397,816,543,410,682,643
0.09657,344,550,601,85,783,839,145,194,24,666,66,176,965,370,139
0.20636,195,312,860,600,274,154,980,895,424,788,842,214,977,291,493
0.11469,252,405,959,811,619,835,184,257,104,256,127,560,578,849,659
0.13994,746,922,112,817,628,327,101,934,996,633,298,662,800,950,922
0.043732,743,399,203,674,840,680,39,460,944,456,757,25,904,525,641
0.089078,549,856,811,665,875,258,638,478,576,664,980,550,753,918,5
0.067915,769,918,850,650,112,965,770,581,224,909,98,194,479,654,555
0.33853,415,933,610,489,283,662,415,962,924,506,542,918,141,991,389
0.059838,677,820,219,725,880,407,424,684,343,601,375,71,706,893,672
0.0094768,994,706,967,676,856,573,151,607,970,401,215,995,952,784,494
0.072379,506,605,309,6,801,714,79,492,738,586,119,535,406,190,614
0.018401,865,531,929,289,448,439,817,698,795,897,18,538,639,425,810
0.23638,92,887,807,137,183,388,981,112,642,764,957,732,862,441,63
0.020152,890,205,311,399,961,855,475,686,853,301,612,242,830,110,436
0.30584,329,476,19,160,730,459,841,777,120,291,183,514,134,406,453
0.14662,119,115,38,848,458,452,643,363,428,877,549,360,162,842,407
0.032037,831,607,822,2,273,621,346,255,138,715,452,65,687,511,801
0.23974,270,929,170,897,396,476,519,511,417,632,596,872,939,650,373
0.14166,112,290,150,921,651,729,708,473,69,753,21,185,88,405,840
0.073787,826,725,40,587,711,39,749,722,170,802,847,104,570,811,826
0.041311,830,518,585,994,218,563,480,677,497,100,111,252,477,863,311
0.063836,960,484,639,728,99,789,366,365,298,127,966,255,250,577,803
0.17779,39,194,901,923,134,364,632,994,300,761,994,581,735,676,712
0.0064457,999,921,583,375,690,800,646,997,852,145,291,576,43,411,729
0.075881,542,774,89,16,982,840,117,515,707,297,547,716,256,831,214
0.027763,805,680,269,738,450,536,35,732,499,385,41,18,261,729,583
0.066674,417,391,27,883,614,7,433,17,167,292,153,392,216,987,152
0.14257,150,54,111,223,194,134,517,256,528,217,894,75,591,899,404
0.054994,667,773,797,913,425,543,572,665,801,59,981,876,394,294,958
0.17605,196,783,613,174,871,76,90,414,686,443,443,755,327,709,681
0.13607,340,512,60,299,828,173,123,615,775,991,557,457,818,826,255
0.14494,740,729,477,281,489,96,496,772,911,888,691,334,303,686,663
0.076283,466,768,15,267,894,617,112,264,517,379,791,730,537,515,334
0.07264,817,683,317,900,287,270,824,248,228,635,317,847,12,443,200
0.10443,356,422,791,975,225,321,843,680,706,360,514,291,341,951,943
0.17085,104,110,826,36,354,626,387,54,438,466,269,108,114,651,777
0.17893,722,962,334,66,933,879,31,135,474,902,302,110,850,244,400
0.0071321,988,776,53,454,608,51,440,754,404,174,71,616,438,293,504
0.16154,210,658,410,46,563,629,231,81,63,598,305,141,38,622,632
0.048612,571,202,86,468,833,81,16,576,199,772,230,314,497,86,954
0.16655,256,656,742,209,154,995,680,336,731,548,497,731,178,817,425
0.048547,685,514,287,437,757,317,492,739,49,701,531,642,276,846,65
0.028392,879,717,730,366,414,683,573,102,349,337,6,503,617,908,896
0.26953,75,645,94,73,327,827,269,331,508,212,180,797,759,481,644
0.069372,788,716,995,914,682,248,763,792,353,819,906,758,690,258,403
0.038724,844,793,244,802,49,352,913,846,501,490,774,72,338,330,424
0.11009,347,539,248,99,737,538,728,476,26,697,478,196,205,910,226
0.30434,382,633,98,254,654,13,422,718,185,629,287,998,796,449,704
0.0072758,995,984,350,320,499,801,351,485,766,358,110,861,1000,397,151
0.019962,794,338,9,208,642,502,465,134,708,454,85,237,111,289,861
0.31495,45,289,191,782,641,627,890,556,971,150,930,882,869,16,890
0.049157,590,295,281,374,400,119,622,421,251,550,721,828,325,860,969
0.066685,293,273,630,53,534,588,620,397,727,849,837,979,385,350,171
0.11944,231,505,167,155,118,10,17,445,793,649,647,764,474,829,19
0.063291,604,432,385,206,229,956,858,204,631,782,251,160,915,151,156
0.037622,534,28,745,974,698,520,453,265,737,665,161,585,285,741,600
0.078346,520,269,214,766,316,313,288,209,197,889,912,960,413,487,607
0.13981,88,160,650,767,990,53,647,66,169,453,859,258,161,162,720
0.10667,228,363,713,419,766,95,855,842,360,165,645,268,371,253,973
0.018371,866,362,916,442,616,296,118,910,358,143,154,961,931,243,754
0.04934,617,813,611,383,927,161,337,241,531,240,80,398,765,257,693
0.04064,949,881,590,445,744,603,28,626,907,242,486,852,899,724,597
0.2025,404,556,567,637,435,131,755,202,51,264,40,691,652,232,587
0.0583,492,365,856,439,740,866,126,609,746,243,55,900,631,310,254
0.12529,574,747,623,75,110,970,174,339,949,193,762,53,151,761,319
0.080629,430,574,163,530,21,613,63,299,900,613,653,635,223,516,860
0.069208,348,339,954,92,898,869,571,187,277,415,164,834,734,353,721
0.060024,602,417,106,851,554,846,996,110,334,850,281,2,26,416,191
0.10824,699,761,738,823,169,921,41,663,929,916,421,344,827,752,305
0.074705,292,16,165,749,613,198,993,975,653,155,30,744,130,598,216
0.051643,777,724,307,473,542,773,820,966,989,64,326,173,633,321,966
0.033295,820,764,999,922,605,237,493,347,922,396,495,856,493,444,199
0.058296,639,623,404,616,13,286,333,182,335,281,923,941,807,349,501
0.041171,472,486,664,687,956,261,766,172,3,61,471,319,791,903,538
0.13631,239,378,299,990,914,778,36,886,647,209,86,31,520,807,103
0.064859,725,968,391,697,672,411,295,786,980,229,263,370,330,945,768
0.03603,691,564,416,255,96,821,350,879,696,263,96,233,530,758,106
0.062139,521,479,910,239,288,594,183,800,927,67,12,890,378,265,365
0.13793,50,43,458,333,449,691,732,234,21,628,662,229,902,643,85
0.12413,674,979,741,874,446,679,752,582,76,773,142,888,509,735,848
0.099347,365,283,196,612,596,832,373,436,34,31,914,561,653,727,798
0.06457,395,661,952,544,885,503,677,675,565,204,624,931,932,72,968
0.10543,57,151,697,654,983,20,894,325,45,387,932,590,450,483,662
0.099507,432,893,371,234,214,557,542,989,67,563,423,838,472,298,790
0.14208,274,585,22,799,233,593,325,599,646,566,835,483,140,59,342
0.09071,265,448,831,565,166,11,637,288,61,836,969,451,428,898,738
0.14443,723,904,234,458,217,207,442,683,5,591,922,246,69,30,262
0.082574,573,504,33,357,859,399,276,627,978,689,50,427,750,288,22
0.23021,825,853,34,306,474,462,558,813,527,765,694,791,218,569,562
0.21572,131,320,903,216,709,766,780,157,701,166,805,166,55,433,649
0.020879,863,371,261,134,659,450,349,123,41,202,192,835,291,582,16
0.059496,418,33,541,35,178,458,642,85,476,459,335,418,658,368,154
0.10374,370,547,78,852,20,71,992,569,679,352,838,622,322,983,873
0.099873,52,4,945,184,395,505,30,428,434,260,995,391,317,28,47
0.11963,207,78,853,336,506,923,698,126,616,749,646,595,58,503,322
0.046847,758,713,437,187,196,889,33,294,374,999,736,425,306,753,42
0.10579,465,708,193,631,391,781,727,160,226,41,659,215,310,164,530
0.066134,755,679,503,614,145,427,618,229,781,423,321,638,945,47,544
0.12166,400,554,537,411,868,386,543,411,729,829,418,771,774,324,578
0.082202,464,598,12,793,317,867,587,990,30,540,2,312,924,653,883
0.10346,345,307,291,888,387,744,55,462,598,487,31,664,139,779,183
0.17955,606,828,914,821,1,717,529,358,864,554,741,625,24,480,902
0.029461,878,982,525,737,243,171,54,874,537,230,53,577,421,681,726
0.13073,458,642,476,436,349,419,832,57,850,47,187,811,882,491,713
0.05021,932,937,226,91,35,881,581,79,406,572,232,819,562,173,62
0.05303,517,360,199,26,125,472,456,960,183,959,324,409,232,645,976
0.077465,735,674,804,317,242,231,37,48,210,908,884,762,118,121,158
0.0060657,987,693,614,523,727,984,104,323,878,901,590,919,176,148,594
0.05507,646,274,695,791,716,133,966,116,776,395,165,845,190,506,337
0.089365,387,526,991,433,603,102,2,129,187,104,831,674,234,929,381
0.19052,581,513,376,904,10,863,156,189,451,185,9,517,698,627,622
0.028957,729,275,368,538,570,177,656,598,122,247,193,627,30,628,99
0.52797,399,912,801,988,355,371,180,785,808,717,218,547,983,450,308
0.021629,993,989,963,340,945,108,534,389,433,848,734,484,312,309,43
0.18972,41,167,775,141,213,939,89,23,611,447,139,589,910,163,565
0.38113,157,626,517,720,272,639,413,125,618,317,472,844,231,666,275
0.092594,358,419,449,983,46,496,434,543,961,388,578,684,4,264,739
0.018018,975,833,549,136,691,149,244,91,32,283,851,501,914,93,260
0.15454,47,256,676,930,340,655,257,530,886,444,385,428,566,870,197
0.22882,166,538,878,190,256,490,14,933,461,930,665,609,213,952,536
